b'-----BEGIN PUBLIC KEY-----\nMIIBIjANBgkqhkiG9w0BAQEFAAOCAQ8AMIIBCgKCAQEAu06cRL/cr+J3hlt1k95O\nZG6OFa/205VIMAtwWZ4v/+mq1x2QwyeHTBQp+5eBVugjKopY5MfAz3/WxsZhUi89\nM6zFwKoNOCL7lTOf4DmI8U7oogIN9R3enmGYPH/zcihS23UwP9b8zk80ifE/kXAe\nqex4XfWrSsaMV8LoF74kWdzsmVFThPORriSJgGWJMeDkzXzg1BU8n0ZU9QgmHM6B\n1guz6QFn9o75LKCvDa7W+qMiA6pgHo2vY/NWMbrQUvDRnF+JlXrFtvqPutB62+fO\nKlFVfobQMVHu1ei+uo2jBRl/LaxklsD+dbOEWJooq0MD4NgTUOtQ9O+3WIp41Jq8\n1QIDAQAB\n-----END PUBLIC KEY-----',1,b'-----BEGIN PUBLIC KEY-----\nMIIBIjANBgkqhkiG9w0BAQEFAAOCAQ8AMIIBCgKCAQEAlkRmV6c55W3Ynw+T5OHJ\nfn7XceSswrCiqKgvBjRGQz3qAnECmWZxAOXwC0RMsdDqetIh2Kjv35yijrcxVHx5\nUj/yY+qmFDDwbY6IzqBJxhH1Zdvna3uSrh6ElyZtRtMqbF0XPbmpMLb7MvL3h/Kc\nInArQaud3otJRO3JcSvftfiIEgNgWatueT+QqsB/8MI2xq/dLWDoTZ4Y5e6ZVa/O\n0oQq6UyklwykIYFpI3roMfTTu2t+jcddA6FOnogG5oE7pMdPEyD9+1qZlBepT+Wn\nCiheHq7m9YUYM00N+5AnN7aBJphbYl3dnQbeo2DKb7vMp8/NMYlCdFIriOXAyF9/\npQIDAQAB\n-----END PUBLIC KEY-----',b"Yzr\x00\xb1mz\xb5)\x02\xdepm\xb6\x15\xc7\xd82\xc7\xe1)p9=C\xdc\x1b\x81\x87\xca\xd5\xa2\xd3\xb6)\xe0\xd0\x1e\x8d\xa6/\xb3!\x1a\n\x0c\xc8\x88\x12\xdb\xfd\xe6\x17\x83h\xedxt\x13\x9d0K\x9b\x8d\xa2\xa4\xc1\x0c\xae\x1c\xfe$\xe2\xff`g\xeb\x10g\xe6\x13i\xd8\xb3\x9dw\x7f\x93\x85\x12i\xa3k3\x86hJ\xce4\x005\xd7\xd3\x92<!\xb2\x19\x7fI\x17!\xcdb\xb5\xc4\xadg\xde\x9dQh\x91\xc7\xd3\xca\x8e\xae\x86Y\xbf;*\xc63\x13n\xd3\x907<\xe0;X~\x8aL\x12lh\x10TG\x0ej\x9b|\x1b\xc7O\x0b\x87\xe0@TY/\xcctK\x1b\xab\x11<\xfd\xd7\xa3U\xa3<\xb9)\xba\xcd%\x87DU\xd0R\xcf\xc9\x8c\x08\xd2\xb03B\x99\x02\xcc\x86w\tr\x81I\xdb^R$+\xd0\xb3m>2\xa66 \xab\x88'\xe0v-\x8a\xd1\x05x\xc2o\xc7!\x04\xa1\x0bQ\xe6\xc5[\xb6\xd3\\&ht\xcd]%\xaa^\r\x95\xa7n"
b'-----BEGIN PUBLIC KEY-----\nMIIBIjANBgkqhkiG9w0BAQEFAAOCAQ8AMIIBCgKCAQEAu06cRL/cr+J3hlt1k95O\nZG6OFa/205VIMAtwWZ4v/+mq1x2QwyeHTBQp+5eBVugjKopY5MfAz3/WxsZhUi89\nM6zFwKoNOCL7lTOf4DmI8U7oogIN9R3enmGYPH/zcihS23UwP9b8zk80ifE/kXAe\nqex4XfWrSsaMV8LoF74kWdzsmVFThPORriSJgGWJMeDkzXzg1BU8n0ZU9QgmHM6B\n1guz6QFn9o75LKCvDa7W+qMiA6pgHo2vY/NWMbrQUvDRnF+JlXrFtvqPutB62+fO\nKlFVfobQMVHu1ei+uo2jBRl/LaxklsD+dbOEWJooq0MD4NgTUOtQ9O+3WIp41Jq8\n1QIDAQAB\n-----END PUBLIC KEY-----',1,b'-----BEGIN PUBLIC KEY-----\nMIIBIjANBgkqhkiG9w0BAQEFAAOCAQ8AMIIBCgKCAQEAlkRmV6c55W3Ynw+T5OHJ\nfn7XceSswrCiqKgvBjRGQz3qAnECmWZxAOXwC0RMsdDqetIh2Kjv35yijrcxVHx5\nUj/yY+qmFDDwbY6IzqBJxhH1Zdvna3uSrh6ElyZtRtMqbF0XPbmpMLb7MvL3h/Kc\nInArQaud3otJRO3JcSvftfiIEgNgWatueT+QqsB/8MI2xq/dLWDoTZ4Y5e6ZVa/O\n0oQq6UyklwykIYFpI3roMfTTu2t+jcddA6FOnogG5oE7pMdPEyD9+1qZlBepT+Wn\nCiheHq7m9YUYM00N+5AnN7aBJphbYl3dnQbeo2DKb7vMp8/NMYlCdFIriOXAyF9/\npQIDAQAB\n-----END PUBLIC KEY-----',b"Yzr\x00\xb1mz\xb5)\x02\xdepm\xb6\x15\xc7\xd82\xc7\xe1)p9=C\xdc\x1b\x81\x87\xca\xd5\xa2\xd3\xb6)\xe0\xd0\x1e\x8d\xa6/\xb3!\x1a\n\x0c\xc8\x88\x12\xdb\xfd\xe6\x17\x83h\xedxt\x13\x9d0K\x9b\x8d\xa2\xa4\xc1\x0c\xae\x1c\xfe$\xe2\xff`g\xeb\x10g\xe6\x13i\xd8\xb3\x9dw\x7f\x93\x85\x12i\xa3k3\x86hJ\xce4\x005\xd7\xd3\x92<!\xb2\x19\x7fI\x17!\xcdb\xb5\xc4\xadg\xde\x9dQh\x91\xc7\xd3\xca\x8e\xae\x86Y\xbf;*\xc63\x13n\xd3\x907<\xe0;X~\x8aL\x12lh\x10TG\x0ej\x9b|\x1b\xc7O\x0b\x87\xe0@TY/\xcctK\x1b\xab\x11<\xfd\xd7\xa3U\xa3<\xb9)\xba\xcd%\x87DU\xd0R\xcf\xc9\x8c\x08\xd2\xb03B\x99\x02\xcc\x86w\tr\x81I\xdb^R$+\xd0\xb3m>2\xa66 \xab\x88'\xe0v-\x8a\xd1\x05x\xc2o\xc7!\x04\xa1\x0bQ\xe6\xc5[\xb6\xd3\\&ht\xcd]%\xaa^\r\x95\xa7n"
b'-----BEGIN PUBLIC KEY-----\nMIIBIjANBgkqhkiG9w0BAQEFAAOCAQ8AMIIBCgKCAQEAu06cRL/cr+J3hlt1k95O\nZG6OFa/205VIMAtwWZ4v/+mq1x2QwyeHTBQp+5eBVugjKopY5MfAz3/WxsZhUi89\nM6zFwKoNOCL7lTOf4DmI8U7oogIN9R3enmGYPH/zcihS23UwP9b8zk80ifE/kXAe\nqex4XfWrSsaMV8LoF74kWdzsmVFThPORriSJgGWJMeDkzXzg1BU8n0ZU9QgmHM6B\n1guz6QFn9o75LKCvDa7W+qMiA6pgHo2vY/NWMbrQUvDRnF+JlXrFtvqPutB62+fO\nKlFVfobQMVHu1ei+uo2jBRl/LaxklsD+dbOEWJooq0MD4NgTUOtQ9O+3WIp41Jq8\n1QIDAQAB\n-----END PUBLIC KEY-----',1,b'-----BEGIN PUBLIC KEY-----\nMIIBIjANBgkqhkiG9w0BAQEFAAOCAQ8AMIIBCgKCAQEAlkRmV6c55W3Ynw+T5OHJ\nfn7XceSswrCiqKgvBjRGQz3qAnECmWZxAOXwC0RMsdDqetIh2Kjv35yijrcxVHx5\nUj/yY+qmFDDwbY6IzqBJxhH1Zdvna3uSrh6ElyZtRtMqbF0XPbmpMLb7MvL3h/Kc\nInArQaud3otJRO3JcSvftfiIEgNgWatueT+QqsB/8MI2xq/dLWDoTZ4Y5e6ZVa/O\n0oQq6UyklwykIYFpI3roMfTTu2t+jcddA6FOnogG5oE7pMdPEyD9+1qZlBepT+Wn\nCiheHq7m9YUYM00N+5AnN7aBJphbYl3dnQbeo2DKb7vMp8/NMYlCdFIriOXAyF9/\npQIDAQAB\n-----END PUBLIC KEY-----',b"Yzr\x00\xb1mz\xb5)\x02\xdepm\xb6\x15\xc7\xd82\xc7\xe1)p9=C\xdc\x1b\x81\x87\xca\xd5\xa2\xd3\xb6)\xe0\xd0\x1e\x8d\xa6/\xb3!\x1a\n\x0c\xc8\x88\x12\xdb\xfd\xe6\x17\x83h\xedxt\x13\x9d0K\x9b\x8d\xa2\xa4\xc1\x0c\xae\x1c\xfe$\xe2\xff`g\xeb\x10g\xe6\x13i\xd8\xb3\x9dw\x7f\x93\x85\x12i\xa3k3\x86hJ\xce4\x005\xd7\xd3\x92<!\xb2\x19\x7fI\x17!\xcdb\xb5\xc4\xadg\xde\x9dQh\x91\xc7\xd3\xca\x8e\xae\x86Y\xbf;*\xc63\x13n\xd3\x907<\xe0;X~\x8aL\x12lh\x10TG\x0ej\x9b|\x1b\xc7O\x0b\x87\xe0@TY/\xcctK\x1b\xab\x11<\xfd\xd7\xa3U\xa3<\xb9)\xba\xcd%\x87DU\xd0R\xcf\xc9\x8c\x08\xd2\xb03B\x99\x02\xcc\x86w\tr\x81I\xdb^R$+\xd0\xb3m>2\xa66 \xab\x88'\xe0v-\x8a\xd1\x05x\xc2o\xc7!\x04\xa1\x0bQ\xe6\xc5[\xb6\xd3\\&ht\xcd]%\xaa^\r\x95\xa7n"
b'-----BEGIN PUBLIC KEY-----\nMIIBIjANBgkqhkiG9w0BAQEFAAOCAQ8AMIIBCgKCAQEAu06cRL/cr+J3hlt1k95O\nZG6OFa/205VIMAtwWZ4v/+mq1x2QwyeHTBQp+5eBVugjKopY5MfAz3/WxsZhUi89\nM6zFwKoNOCL7lTOf4DmI8U7oogIN9R3enmGYPH/zcihS23UwP9b8zk80ifE/kXAe\nqex4XfWrSsaMV8LoF74kWdzsmVFThPORriSJgGWJMeDkzXzg1BU8n0ZU9QgmHM6B\n1guz6QFn9o75LKCvDa7W+qMiA6pgHo2vY/NWMbrQUvDRnF+JlXrFtvqPutB62+fO\nKlFVfobQMVHu1ei+uo2jBRl/LaxklsD+dbOEWJooq0MD4NgTUOtQ9O+3WIp41Jq8\n1QIDAQAB\n-----END PUBLIC KEY-----',1,b'-----BEGIN PUBLIC KEY-----\nMIIBIjANBgkqhkiG9w0BAQEFAAOCAQ8AMIIBCgKCAQEAlkRmV6c55W3Ynw+T5OHJ\nfn7XceSswrCiqKgvBjRGQz3qAnECmWZxAOXwC0RMsdDqetIh2Kjv35yijrcxVHx5\nUj/yY+qmFDDwbY6IzqBJxhH1Zdvna3uSrh6ElyZtRtMqbF0XPbmpMLb7MvL3h/Kc\nInArQaud3otJRO3JcSvftfiIEgNgWatueT+QqsB/8MI2xq/dLWDoTZ4Y5e6ZVa/O\n0oQq6UyklwykIYFpI3roMfTTu2t+jcddA6FOnogG5oE7pMdPEyD9+1qZlBepT+Wn\nCiheHq7m9YUYM00N+5AnN7aBJphbYl3dnQbeo2DKb7vMp8/NMYlCdFIriOXAyF9/\npQIDAQAB\n-----END PUBLIC KEY-----',b"Yzr\x00\xb1mz\xb5)\x02\xdepm\xb6\x15\xc7\xd82\xc7\xe1)p9=C\xdc\x1b\x81\x87\xca\xd5\xa2\xd3\xb6)\xe0\xd0\x1e\x8d\xa6/\xb3!\x1a\n\x0c\xc8\x88\x12\xdb\xfd\xe6\x17\x83h\xedxt\x13\x9d0K\x9b\x8d\xa2\xa4\xc1\x0c\xae\x1c\xfe$\xe2\xff`g\xeb\x10g\xe6\x13i\xd8\xb3\x9dw\x7f\x93\x85\x12i\xa3k3\x86hJ\xce4\x005\xd7\xd3\x92<!\xb2\x19\x7fI\x17!\xcdb\xb5\xc4\xadg\xde\x9dQh\x91\xc7\xd3\xca\x8e\xae\x86Y\xbf;*\xc63\x13n\xd3\x907<\xe0;X~\x8aL\x12lh\x10TG\x0ej\x9b|\x1b\xc7O\x0b\x87\xe0@TY/\xcctK\x1b\xab\x11<\xfd\xd7\xa3U\xa3<\xb9)\xba\xcd%\x87DU\xd0R\xcf\xc9\x8c\x08\xd2\xb03B\x99\x02\xcc\x86w\tr\x81I\xdb^R$+\xd0\xb3m>2\xa66 \xab\x88'\xe0v-\x8a\xd1\x05x\xc2o\xc7!\x04\xa1\x0bQ\xe6\xc5[\xb6\xd3\\&ht\xcd]%\xaa^\r\x95\xa7n"
b'-----BEGIN PUBLIC KEY-----\nMIIBIjANBgkqhkiG9w0BAQEFAAOCAQ8AMIIBCgKCAQEAu06cRL/cr+J3hlt1k95O\nZG6OFa/205VIMAtwWZ4v/+mq1x2QwyeHTBQp+5eBVugjKopY5MfAz3/WxsZhUi89\nM6zFwKoNOCL7lTOf4DmI8U7oogIN9R3enmGYPH/zcihS23UwP9b8zk80ifE/kXAe\nqex4XfWrSsaMV8LoF74kWdzsmVFThPORriSJgGWJMeDkzXzg1BU8n0ZU9QgmHM6B\n1guz6QFn9o75LKCvDa7W+qMiA6pgHo2vY/NWMbrQUvDRnF+JlXrFtvqPutB62+fO\nKlFVfobQMVHu1ei+uo2jBRl/LaxklsD+dbOEWJooq0MD4NgTUOtQ9O+3WIp41Jq8\n1QIDAQAB\n-----END PUBLIC KEY-----',1,b'-----BEGIN PUBLIC KEY-----\nMIIBIjANBgkqhkiG9w0BAQEFAAOCAQ8AMIIBCgKCAQEAlkRmV6c55W3Ynw+T5OHJ\nfn7XceSswrCiqKgvBjRGQz3qAnECmWZxAOXwC0RMsdDqetIh2Kjv35yijrcxVHx5\nUj/yY+qmFDDwbY6IzqBJxhH1Zdvna3uSrh6ElyZtRtMqbF0XPbmpMLb7MvL3h/Kc\nInArQaud3otJRO3JcSvftfiIEgNgWatueT+QqsB/8MI2xq/dLWDoTZ4Y5e6ZVa/O\n0oQq6UyklwykIYFpI3roMfTTu2t+jcddA6FOnogG5oE7pMdPEyD9+1qZlBepT+Wn\nCiheHq7m9YUYM00N+5AnN7aBJphbYl3dnQbeo2DKb7vMp8/NMYlCdFIriOXAyF9/\npQIDAQAB\n-----END PUBLIC KEY-----',b"Yzr\x00\xb1mz\xb5)\x02\xdepm\xb6\x15\xc7\xd82\xc7\xe1)p9=C\xdc\x1b\x81\x87\xca\xd5\xa2\xd3\xb6)\xe0\xd0\x1e\x8d\xa6/\xb3!\x1a\n\x0c\xc8\x88\x12\xdb\xfd\xe6\x17\x83h\xedxt\x13\x9d0K\x9b\x8d\xa2\xa4\xc1\x0c\xae\x1c\xfe$\xe2\xff`g\xeb\x10g\xe6\x13i\xd8\xb3\x9dw\x7f\x93\x85\x12i\xa3k3\x86hJ\xce4\x005\xd7\xd3\x92<!\xb2\x19\x7fI\x17!\xcdb\xb5\xc4\xadg\xde\x9dQh\x91\xc7\xd3\xca\x8e\xae\x86Y\xbf;*\xc63\x13n\xd3\x907<\xe0;X~\x8aL\x12lh\x10TG\x0ej\x9b|\x1b\xc7O\x0b\x87\xe0@TY/\xcctK\x1b\xab\x11<\xfd\xd7\xa3U\xa3<\xb9)\xba\xcd%\x87DU\xd0R\xcf\xc9\x8c\x08\xd2\xb03B\x99\x02\xcc\x86w\tr\x81I\xdb^R$+\xd0\xb3m>2\xa66 \xab\x88'\xe0v-\x8a\xd1\x05x\xc2o\xc7!\x04\xa1\x0bQ\xe6\xc5[\xb6\xd3\\&ht\xcd]%\xaa^\r\x95\xa7n"
b'-----BEGIN PUBLIC KEY-----\nMIIBIjANBgkqhkiG9w0BAQEFAAOCAQ8AMIIBCgKCAQEAu06cRL/cr+J3hlt1k95O\nZG6OFa/205VIMAtwWZ4v/+mq1x2QwyeHTBQp+5eBVugjKopY5MfAz3/WxsZhUi89\nM6zFwKoNOCL7lTOf4DmI8U7oogIN9R3enmGYPH/zcihS23UwP9b8zk80ifE/kXAe\nqex4XfWrSsaMV8LoF74kWdzsmVFThPORriSJgGWJMeDkzXzg1BU8n0ZU9QgmHM6B\n1guz6QFn9o75LKCvDa7W+qMiA6pgHo2vY/NWMbrQUvDRnF+JlXrFtvqPutB62+fO\nKlFVfobQMVHu1ei+uo2jBRl/LaxklsD+dbOEWJooq0MD4NgTUOtQ9O+3WIp41Jq8\n1QIDAQAB\n-----END PUBLIC KEY-----',1,b'-----BEGIN PUBLIC KEY-----\nMIIBIjANBgkqhkiG9w0BAQEFAAOCAQ8AMIIBCgKCAQEAlkRmV6c55W3Ynw+T5OHJ\nfn7XceSswrCiqKgvBjRGQz3qAnECmWZxAOXwC0RMsdDqetIh2Kjv35yijrcxVHx5\nUj/yY+qmFDDwbY6IzqBJxhH1Zdvna3uSrh6ElyZtRtMqbF0XPbmpMLb7MvL3h/Kc\nInArQaud3otJRO3JcSvftfiIEgNgWatueT+QqsB/8MI2xq/dLWDoTZ4Y5e6ZVa/O\n0oQq6UyklwykIYFpI3roMfTTu2t+jcddA6FOnogG5oE7pMdPEyD9+1qZlBepT+Wn\nCiheHq7m9YUYM00N+5AnN7aBJphbYl3dnQbeo2DKb7vMp8/NMYlCdFIriOXAyF9/\npQIDAQAB\n-----END PUBLIC KEY-----',b"Yzr\x00\xb1mz\xb5)\x02\xdepm\xb6\x15\xc7\xd82\xc7\xe1)p9=C\xdc\x1b\x81\x87\xca\xd5\xa2\xd3\xb6)\xe0\xd0\x1e\x8d\xa6/\xb3!\x1a\n\x0c\xc8\x88\x12\xdb\xfd\xe6\x17\x83h\xedxt\x13\x9d0K\x9b\x8d\xa2\xa4\xc1\x0c\xae\x1c\xfe$\xe2\xff`g\xeb\x10g\xe6\x13i\xd8\xb3\x9dw\x7f\x93\x85\x12i\xa3k3\x86hJ\xce4\x005\xd7\xd3\x92<!\xb2\x19\x7fI\x17!\xcdb\xb5\xc4\xadg\xde\x9dQh\x91\xc7\xd3\xca\x8e\xae\x86Y\xbf;*\xc63\x13n\xd3\x907<\xe0;X~\x8aL\x12lh\x10TG\x0ej\x9b|\x1b\xc7O\x0b\x87\xe0@TY/\xcctK\x1b\xab\x11<\xfd\xd7\xa3U\xa3<\xb9)\xba\xcd%\x87DU\xd0R\xcf\xc9\x8c\x08\xd2\xb03B\x99\x02\xcc\x86w\tr\x81I\xdb^R$+\xd0\xb3m>2\xa66 \xab\x88'\xe0v-\x8a\xd1\x05x\xc2o\xc7!\x04\xa1\x0bQ\xe6\xc5[\xb6\xd3\\&ht\xcd]%\xaa^\r\x95\xa7n"
b'-----BEGIN PUBLIC KEY-----\nMIIBIjANBgkqhkiG9w0BAQEFAAOCAQ8AMIIBCgKCAQEAu06cRL/cr+J3hlt1k95O\nZG6OFa/205VIMAtwWZ4v/+mq1x2QwyeHTBQp+5eBVugjKopY5MfAz3/WxsZhUi89\nM6zFwKoNOCL7lTOf4DmI8U7oogIN9R3enmGYPH/zcihS23UwP9b8zk80ifE/kXAe\nqex4XfWrSsaMV8LoF74kWdzsmVFThPORriSJgGWJMeDkzXzg1BU8n0ZU9QgmHM6B\n1guz6QFn9o75LKCvDa7W+qMiA6pgHo2vY/NWMbrQUvDRnF+JlXrFtvqPutB62+fO\nKlFVfobQMVHu1ei+uo2jBRl/LaxklsD+dbOEWJooq0MD4NgTUOtQ9O+3WIp41Jq8\n1QIDAQAB\n-----END PUBLIC KEY-----',1,b'-----BEGIN PUBLIC KEY-----\nMIIBIjANBgkqhkiG9w0BAQEFAAOCAQ8AMIIBCgKCAQEAlkRmV6c55W3Ynw+T5OHJ\nfn7XceSswrCiqKgvBjRGQz3qAnECmWZxAOXwC0RMsdDqetIh2Kjv35yijrcxVHx5\nUj/yY+qmFDDwbY6IzqBJxhH1Zdvna3uSrh6ElyZtRtMqbF0XPbmpMLb7MvL3h/Kc\nInArQaud3otJRO3JcSvftfiIEgNgWatueT+QqsB/8MI2xq/dLWDoTZ4Y5e6ZVa/O\n0oQq6UyklwykIYFpI3roMfTTu2t+jcddA6FOnogG5oE7pMdPEyD9+1qZlBepT+Wn\nCiheHq7m9YUYM00N+5AnN7aBJphbYl3dnQbeo2DKb7vMp8/NMYlCdFIriOXAyF9/\npQIDAQAB\n-----END PUBLIC KEY-----',b"Yzr\x00\xb1mz\xb5)\x02\xdepm\xb6\x15\xc7\xd82\xc7\xe1)p9=C\xdc\x1b\x81\x87\xca\xd5\xa2\xd3\xb6)\xe0\xd0\x1e\x8d\xa6/\xb3!\x1a\n\x0c\xc8\x88\x12\xdb\xfd\xe6\x17\x83h\xedxt\x13\x9d0K\x9b\x8d\xa2\xa4\xc1\x0c\xae\x1c\xfe$\xe2\xff`g\xeb\x10g\xe6\x13i\xd8\xb3\x9dw\x7f\x93\x85\x12i\xa3k3\x86hJ\xce4\x005\xd7\xd3\x92<!\xb2\x19\x7fI\x17!\xcdb\xb5\xc4\xadg\xde\x9dQh\x91\xc7\xd3\xca\x8e\xae\x86Y\xbf;*\xc63\x13n\xd3\x907<\xe0;X~\x8aL\x12lh\x10TG\x0ej\x9b|\x1b\xc7O\x0b\x87\xe0@TY/\xcctK\x1b\xab\x11<\xfd\xd7\xa3U\xa3<\xb9)\xba\xcd%\x87DU\xd0R\xcf\xc9\x8c\x08\xd2\xb03B\x99\x02\xcc\x86w\tr\x81I\xdb^R$+\xd0\xb3m>2\xa66 \xab\x88'\xe0v-\x8a\xd1\x05x\xc2o\xc7!\x04\xa1\x0bQ\xe6\xc5[\xb6\xd3\\&ht\xcd]%\xaa^\r\x95\xa7n"
b'-----BEGIN PUBLIC KEY-----\nMIIBIjANBgkqhkiG9w0BAQEFAAOCAQ8AMIIBCgKCAQEAu06cRL/cr+J3hlt1k95O\nZG6OFa/205VIMAtwWZ4v/+mq1x2QwyeHTBQp+5eBVugjKopY5MfAz3/WxsZhUi89\nM6zFwKoNOCL7lTOf4DmI8U7oogIN9R3enmGYPH/zcihS23UwP9b8zk80ifE/kXAe\nqex4XfWrSsaMV8LoF74kWdzsmVFThPORriSJgGWJMeDkzXzg1BU8n0ZU9QgmHM6B\n1guz6QFn9o75LKCvDa7W+qMiA6pgHo2vY/NWMbrQUvDRnF+JlXrFtvqPutB62+fO\nKlFVfobQMVHu1ei+uo2jBRl/LaxklsD+dbOEWJooq0MD4NgTUOtQ9O+3WIp41Jq8\n1QIDAQAB\n-----END PUBLIC KEY-----',1,b'-----BEGIN PUBLIC KEY-----\nMIIBIjANBgkqhkiG9w0BAQEFAAOCAQ8AMIIBCgKCAQEAlkRmV6c55W3Ynw+T5OHJ\nfn7XceSswrCiqKgvBjRGQz3qAnECmWZxAOXwC0RMsdDqetIh2Kjv35yijrcxVHx5\nUj/yY+qmFDDwbY6IzqBJxhH1Zdvna3uSrh6ElyZtRtMqbF0XPbmpMLb7MvL3h/Kc\nInArQaud3otJRO3JcSvftfiIEgNgWatueT+QqsB/8MI2xq/dLWDoTZ4Y5e6ZVa/O\n0oQq6UyklwykIYFpI3roMfTTu2t+jcddA6FOnogG5oE7pMdPEyD9+1qZlBepT+Wn\nCiheHq7m9YUYM00N+5AnN7aBJphbYl3dnQbeo2DKb7vMp8/NMYlCdFIriOXAyF9/\npQIDAQAB\n-----END PUBLIC KEY-----',b"Yzr\x00\xb1mz\xb5)\x02\xdepm\xb6\x15\xc7\xd82\xc7\xe1)p9=C\xdc\x1b\x81\x87\xca\xd5\xa2\xd3\xb6)\xe0\xd0\x1e\x8d\xa6/\xb3!\x1a\n\x0c\xc8\x88\x12\xdb\xfd\xe6\x17\x83h\xedxt\x13\x9d0K\x9b\x8d\xa2\xa4\xc1\x0c\xae\x1c\xfe$\xe2\xff`g\xeb\x10g\xe6\x13i\xd8\xb3\x9dw\x7f\x93\x85\x12i\xa3k3\x86hJ\xce4\x005\xd7\xd3\x92<!\xb2\x19\x7fI\x17!\xcdb\xb5\xc4\xadg\xde\x9dQh\x91\xc7\xd3\xca\x8e\xae\x86Y\xbf;*\xc63\x13n\xd3\x907<\xe0;X~\x8aL\x12lh\x10TG\x0ej\x9b|\x1b\xc7O\x0b\x87\xe0@TY/\xcctK\x1b\xab\x11<\xfd\xd7\xa3U\xa3<\xb9)\xba\xcd%\x87DU\xd0R\xcf\xc9\x8c\x08\xd2\xb03B\x99\x02\xcc\x86w\tr\x81I\xdb^R$+\xd0\xb3m>2\xa66 \xab\x88'\xe0v-\x8a\xd1\x05x\xc2o\xc7!\x04\xa1\x0bQ\xe6\xc5[\xb6\xd3\\&ht\xcd]%\xaa^\r\x95\xa7n"
b'-----BEGIN PUBLIC KEY-----\nMIIBIjANBgkqhkiG9w0BAQEFAAOCAQ8AMIIBCgKCAQEAu06cRL/cr+J3hlt1k95O\nZG6OFa/205VIMAtwWZ4v/+mq1x2QwyeHTBQp+5eBVugjKopY5MfAz3/WxsZhUi89\nM6zFwKoNOCL7lTOf4DmI8U7oogIN9R3enmGYPH/zcihS23UwP9b8zk80ifE/kXAe\nqex4XfWrSsaMV8LoF74kWdzsmVFThPORriSJgGWJMeDkzXzg1BU8n0ZU9QgmHM6B\n1guz6QFn9o75LKCvDa7W+qMiA6pgHo2vY/NWMbrQUvDRnF+JlXrFtvqPutB62+fO\nKlFVfobQMVHu1ei+uo2jBRl/LaxklsD+dbOEWJooq0MD4NgTUOtQ9O+3WIp41Jq8\n1QIDAQAB\n-----END PUBLIC KEY-----',1,b'-----BEGIN PUBLIC KEY-----\nMIIBIjANBgkqhkiG9w0BAQEFAAOCAQ8AMIIBCgKCAQEAlkRmV6c55W3Ynw+T5OHJ\nfn7XceSswrCiqKgvBjRGQz3qAnECmWZxAOXwC0RMsdDqetIh2Kjv35yijrcxVHx5\nUj/yY+qmFDDwbY6IzqBJxhH1Zdvna3uSrh6ElyZtRtMqbF0XPbmpMLb7MvL3h/Kc\nInArQaud3otJRO3JcSvftfiIEgNgWatueT+QqsB/8MI2xq/dLWDoTZ4Y5e6ZVa/O\n0oQq6UyklwykIYFpI3roMfTTu2t+jcddA6FOnogG5oE7pMdPEyD9+1qZlBepT+Wn\nCiheHq7m9YUYM00N+5AnN7aBJphbYl3dnQbeo2DKb7vMp8/NMYlCdFIriOXAyF9/\npQIDAQAB\n-----END PUBLIC KEY-----',b"Yzr\x00\xb1mz\xb5)\x02\xdepm\xb6\x15\xc7\xd82\xc7\xe1)p9=C\xdc\x1b\x81\x87\xca\xd5\xa2\xd3\xb6)\xe0\xd0\x1e\x8d\xa6/\xb3!\x1a\n\x0c\xc8\x88\x12\xdb\xfd\xe6\x17\x83h\xedxt\x13\x9d0K\x9b\x8d\xa2\xa4\xc1\x0c\xae\x1c\xfe$\xe2\xff`g\xeb\x10g\xe6\x13i\xd8\xb3\x9dw\x7f\x93\x85\x12i\xa3k3\x86hJ\xce4\x005\xd7\xd3\x92<!\xb2\x19\x7fI\x17!\xcdb\xb5\xc4\xadg\xde\x9dQh\x91\xc7\xd3\xca\x8e\xae\x86Y\xbf;*\xc63\x13n\xd3\x907<\xe0;X~\x8aL\x12lh\x10TG\x0ej\x9b|\x1b\xc7O\x0b\x87\xe0@TY/\xcctK\x1b\xab\x11<\xfd\xd7\xa3U\xa3<\xb9)\xba\xcd%\x87DU\xd0R\xcf\xc9\x8c\x08\xd2\xb03B\x99\x02\xcc\x86w\tr\x81I\xdb^R$+\xd0\xb3m>2\xa66 \xab\x88'\xe0v-\x8a\xd1\x05x\xc2o\xc7!\x04\xa1\x0bQ\xe6\xc5[\xb6\xd3\\&ht\xcd]%\xaa^\r\x95\xa7n"
b'-----BEGIN PUBLIC KEY-----\nMIIBIjANBgkqhkiG9w0BAQEFAAOCAQ8AMIIBCgKCAQEAu06cRL/cr+J3hlt1k95O\nZG6OFa/205VIMAtwWZ4v/+mq1x2QwyeHTBQp+5eBVugjKopY5MfAz3/WxsZhUi89\nM6zFwKoNOCL7lTOf4DmI8U7oogIN9R3enmGYPH/zcihS23UwP9b8zk80ifE/kXAe\nqex4XfWrSsaMV8LoF74kWdzsmVFThPORriSJgGWJMeDkzXzg1BU8n0ZU9QgmHM6B\n1guz6QFn9o75LKCvDa7W+qMiA6pgHo2vY/NWMbrQUvDRnF+JlXrFtvqPutB62+fO\nKlFVfobQMVHu1ei+uo2jBRl/LaxklsD+dbOEWJooq0MD4NgTUOtQ9O+3WIp41Jq8\n1QIDAQAB\n-----END PUBLIC KEY-----',1,b'-----BEGIN PUBLIC KEY-----\nMIIBIjANBgkqhkiG9w0BAQEFAAOCAQ8AMIIBCgKCAQEAlkRmV6c55W3Ynw+T5OHJ\nfn7XceSswrCiqKgvBjRGQz3qAnECmWZxAOXwC0RMsdDqetIh2Kjv35yijrcxVHx5\nUj/yY+qmFDDwbY6IzqBJxhH1Zdvna3uSrh6ElyZtRtMqbF0XPbmpMLb7MvL3h/Kc\nInArQaud3otJRO3JcSvftfiIEgNgWatueT+QqsB/8MI2xq/dLWDoTZ4Y5e6ZVa/O\n0oQq6UyklwykIYFpI3roMfTTu2t+jcddA6FOnogG5oE7pMdPEyD9+1qZlBepT+Wn\nCiheHq7m9YUYM00N+5AnN7aBJphbYl3dnQbeo2DKb7vMp8/NMYlCdFIriOXAyF9/\npQIDAQAB\n-----END PUBLIC KEY-----',b"Yzr\x00\xb1mz\xb5)\x02\xdepm\xb6\x15\xc7\xd82\xc7\xe1)p9=C\xdc\x1b\x81\x87\xca\xd5\xa2\xd3\xb6)\xe0\xd0\x1e\x8d\xa6/\xb3!\x1a\n\x0c\xc8\x88\x12\xdb\xfd\xe6\x17\x83h\xedxt\x13\x9d0K\x9b\x8d\xa2\xa4\xc1\x0c\xae\x1c\xfe$\xe2\xff`g\xeb\x10g\xe6\x13i\xd8\xb3\x9dw\x7f\x93\x85\x12i\xa3k3\x86hJ\xce4\x005\xd7\xd3\x92<!\xb2\x19\x7fI\x17!\xcdb\xb5\xc4\xadg\xde\x9dQh\x91\xc7\xd3\xca\x8e\xae\x86Y\xbf;*\xc63\x13n\xd3\x907<\xe0;X~\x8aL\x12lh\x10TG\x0ej\x9b|\x1b\xc7O\x0b\x87\xe0@TY/\xcctK\x1b\xab\x11<\xfd\xd7\xa3U\xa3<\xb9)\xba\xcd%\x87DU\xd0R\xcf\xc9\x8c\x08\xd2\xb03B\x99\x02\xcc\x86w\tr\x81I\xdb^R$+\xd0\xb3m>2\xa66 \xab\x88'\xe0v-\x8a\xd1\x05x\xc2o\xc7!\x04\xa1\x0bQ\xe6\xc5[\xb6\xd3\\&ht\xcd]%\xaa^\r\x95\xa7n"
b'-----BEGIN PUBLIC KEY-----\nMIIBIjANBgkqhkiG9w0BAQEFAAOCAQ8AMIIBCgKCAQEAu06cRL/cr+J3hlt1k95O\nZG6OFa/205VIMAtwWZ4v/+mq1x2QwyeHTBQp+5eBVugjKopY5MfAz3/WxsZhUi89\nM6zFwKoNOCL7lTOf4DmI8U7oogIN9R3enmGYPH/zcihS23UwP9b8zk80ifE/kXAe\nqex4XfWrSsaMV8LoF74kWdzsmVFThPORriSJgGWJMeDkzXzg1BU8n0ZU9QgmHM6B\n1guz6QFn9o75LKCvDa7W+qMiA6pgHo2vY/NWMbrQUvDRnF+JlXrFtvqPutB62+fO\nKlFVfobQMVHu1ei+uo2jBRl/LaxklsD+dbOEWJooq0MD4NgTUOtQ9O+3WIp41Jq8\n1QIDAQAB\n-----END PUBLIC KEY-----',1,b'-----BEGIN PUBLIC KEY-----\nMIIBIjANBgkqhkiG9w0BAQEFAAOCAQ8AMIIBCgKCAQEAlkRmV6c55W3Ynw+T5OHJ\nfn7XceSswrCiqKgvBjRGQz3qAnECmWZxAOXwC0RMsdDqetIh2Kjv35yijrcxVHx5\nUj/yY+qmFDDwbY6IzqBJxhH1Zdvna3uSrh6ElyZtRtMqbF0XPbmpMLb7MvL3h/Kc\nInArQaud3otJRO3JcSvftfiIEgNgWatueT+QqsB/8MI2xq/dLWDoTZ4Y5e6ZVa/O\n0oQq6UyklwykIYFpI3roMfTTu2t+jcddA6FOnogG5oE7pMdPEyD9+1qZlBepT+Wn\nCiheHq7m9YUYM00N+5AnN7aBJphbYl3dnQbeo2DKb7vMp8/NMYlCdFIriOXAyF9/\npQIDAQAB\n-----END PUBLIC KEY-----',b"Yzr\x00\xb1mz\xb5)\x02\xdepm\xb6\x15\xc7\xd82\xc7\xe1)p9=C\xdc\x1b\x81\x87\xca\xd5\xa2\xd3\xb6)\xe0\xd0\x1e\x8d\xa6/\xb3!\x1a\n\x0c\xc8\x88\x12\xdb\xfd\xe6\x17\x83h\xedxt\x13\x9d0K\x9b\x8d\xa2\xa4\xc1\x0c\xae\x1c\xfe$\xe2\xff`g\xeb\x10g\xe6\x13i\xd8\xb3\x9dw\x7f\x93\x85\x12i\xa3k3\x86hJ\xce4\x005\xd7\xd3\x92<!\xb2\x19\x7fI\x17!\xcdb\xb5\xc4\xadg\xde\x9dQh\x91\xc7\xd3\xca\x8e\xae\x86Y\xbf;*\xc63\x13n\xd3\x907<\xe0;X~\x8aL\x12lh\x10TG\x0ej\x9b|\x1b\xc7O\x0b\x87\xe0@TY/\xcctK\x1b\xab\x11<\xfd\xd7\xa3U\xa3<\xb9)\xba\xcd%\x87DU\xd0R\xcf\xc9\x8c\x08\xd2\xb03B\x99\x02\xcc\x86w\tr\x81I\xdb^R$+\xd0\xb3m>2\xa66 \xab\x88'\xe0v-\x8a\xd1\x05x\xc2o\xc7!\x04\xa1\x0bQ\xe6\xc5[\xb6\xd3\\&ht\xcd]%\xaa^\r\x95\xa7n"
b'-----BEGIN PUBLIC KEY-----\nMIIBIjANBgkqhkiG9w0BAQEFAAOCAQ8AMIIBCgKCAQEAu06cRL/cr+J3hlt1k95O\nZG6OFa/205VIMAtwWZ4v/+mq1x2QwyeHTBQp+5eBVugjKopY5MfAz3/WxsZhUi89\nM6zFwKoNOCL7lTOf4DmI8U7oogIN9R3enmGYPH/zcihS23UwP9b8zk80ifE/kXAe\nqex4XfWrSsaMV8LoF74kWdzsmVFThPORriSJgGWJMeDkzXzg1BU8n0ZU9QgmHM6B\n1guz6QFn9o75LKCvDa7W+qMiA6pgHo2vY/NWMbrQUvDRnF+JlXrFtvqPutB62+fO\nKlFVfobQMVHu1ei+uo2jBRl/LaxklsD+dbOEWJooq0MD4NgTUOtQ9O+3WIp41Jq8\n1QIDAQAB\n-----END PUBLIC KEY-----',1,b'-----BEGIN PUBLIC KEY-----\nMIIBIjANBgkqhkiG9w0BAQEFAAOCAQ8AMIIBCgKCAQEAlkRmV6c55W3Ynw+T5OHJ\nfn7XceSswrCiqKgvBjRGQz3qAnECmWZxAOXwC0RMsdDqetIh2Kjv35yijrcxVHx5\nUj/yY+qmFDDwbY6IzqBJxhH1Zdvna3uSrh6ElyZtRtMqbF0XPbmpMLb7MvL3h/Kc\nInArQaud3otJRO3JcSvftfiIEgNgWatueT+QqsB/8MI2xq/dLWDoTZ4Y5e6ZVa/O\n0oQq6UyklwykIYFpI3roMfTTu2t+jcddA6FOnogG5oE7pMdPEyD9+1qZlBepT+Wn\nCiheHq7m9YUYM00N+5AnN7aBJphbYl3dnQbeo2DKb7vMp8/NMYlCdFIriOXAyF9/\npQIDAQAB\n-----END PUBLIC KEY-----',b"Yzr\x00\xb1mz\xb5)\x02\xdepm\xb6\x15\xc7\xd82\xc7\xe1)p9=C\xdc\x1b\x81\x87\xca\xd5\xa2\xd3\xb6)\xe0\xd0\x1e\x8d\xa6/\xb3!\x1a\n\x0c\xc8\x88\x12\xdb\xfd\xe6\x17\x83h\xedxt\x13\x9d0K\x9b\x8d\xa2\xa4\xc1\x0c\xae\x1c\xfe$\xe2\xff`g\xeb\x10g\xe6\x13i\xd8\xb3\x9dw\x7f\x93\x85\x12i\xa3k3\x86hJ\xce4\x005\xd7\xd3\x92<!\xb2\x19\x7fI\x17!\xcdb\xb5\xc4\xadg\xde\x9dQh\x91\xc7\xd3\xca\x8e\xae\x86Y\xbf;*\xc63\x13n\xd3\x907<\xe0;X~\x8aL\x12lh\x10TG\x0ej\x9b|\x1b\xc7O\x0b\x87\xe0@TY/\xcctK\x1b\xab\x11<\xfd\xd7\xa3U\xa3<\xb9)\xba\xcd%\x87DU\xd0R\xcf\xc9\x8c\x08\xd2\xb03B\x99\x02\xcc\x86w\tr\x81I\xdb^R$+\xd0\xb3m>2\xa66 \xab\x88'\xe0v-\x8a\xd1\x05x\xc2o\xc7!\x04\xa1\x0bQ\xe6\xc5[\xb6\xd3\\&ht\xcd]%\xaa^\r\x95\xa7n"
b'-----BEGIN PUBLIC KEY-----\nMIIBIjANBgkqhkiG9w0BAQEFAAOCAQ8AMIIBCgKCAQEAu06cRL/cr+J3hlt1k95O\nZG6OFa/205VIMAtwWZ4v/+mq1x2QwyeHTBQp+5eBVugjKopY5MfAz3/WxsZhUi89\nM6zFwKoNOCL7lTOf4DmI8U7oogIN9R3enmGYPH/zcihS23UwP9b8zk80ifE/kXAe\nqex4XfWrSsaMV8LoF74kWdzsmVFThPORriSJgGWJMeDkzXzg1BU8n0ZU9QgmHM6B\n1guz6QFn9o75LKCvDa7W+qMiA6pgHo2vY/NWMbrQUvDRnF+JlXrFtvqPutB62+fO\nKlFVfobQMVHu1ei+uo2jBRl/LaxklsD+dbOEWJooq0MD4NgTUOtQ9O+3WIp41Jq8\n1QIDAQAB\n-----END PUBLIC KEY-----',1,b'-----BEGIN PUBLIC KEY-----\nMIIBIjANBgkqhkiG9w0BAQEFAAOCAQ8AMIIBCgKCAQEAlkRmV6c55W3Ynw+T5OHJ\nfn7XceSswrCiqKgvBjRGQz3qAnECmWZxAOXwC0RMsdDqetIh2Kjv35yijrcxVHx5\nUj/yY+qmFDDwbY6IzqBJxhH1Zdvna3uSrh6ElyZtRtMqbF0XPbmpMLb7MvL3h/Kc\nInArQaud3otJRO3JcSvftfiIEgNgWatueT+QqsB/8MI2xq/dLWDoTZ4Y5e6ZVa/O\n0oQq6UyklwykIYFpI3roMfTTu2t+jcddA6FOnogG5oE7pMdPEyD9+1qZlBepT+Wn\nCiheHq7m9YUYM00N+5AnN7aBJphbYl3dnQbeo2DKb7vMp8/NMYlCdFIriOXAyF9/\npQIDAQAB\n-----END PUBLIC KEY-----',b"Yzr\x00\xb1mz\xb5)\x02\xdepm\xb6\x15\xc7\xd82\xc7\xe1)p9=C\xdc\x1b\x81\x87\xca\xd5\xa2\xd3\xb6)\xe0\xd0\x1e\x8d\xa6/\xb3!\x1a\n\x0c\xc8\x88\x12\xdb\xfd\xe6\x17\x83h\xedxt\x13\x9d0K\x9b\x8d\xa2\xa4\xc1\x0c\xae\x1c\xfe$\xe2\xff`g\xeb\x10g\xe6\x13i\xd8\xb3\x9dw\x7f\x93\x85\x12i\xa3k3\x86hJ\xce4\x005\xd7\xd3\x92<!\xb2\x19\x7fI\x17!\xcdb\xb5\xc4\xadg\xde\x9dQh\x91\xc7\xd3\xca\x8e\xae\x86Y\xbf;*\xc63\x13n\xd3\x907<\xe0;X~\x8aL\x12lh\x10TG\x0ej\x9b|\x1b\xc7O\x0b\x87\xe0@TY/\xcctK\x1b\xab\x11<\xfd\xd7\xa3U\xa3<\xb9)\xba\xcd%\x87DU\xd0R\xcf\xc9\x8c\x08\xd2\xb03B\x99\x02\xcc\x86w\tr\x81I\xdb^R$+\xd0\xb3m>2\xa66 \xab\x88'\xe0v-\x8a\xd1\x05x\xc2o\xc7!\x04\xa1\x0bQ\xe6\xc5[\xb6\xd3\\&ht\xcd]%\xaa^\r\x95\xa7n"
Public RSA key at 0x1F7E4095DC0,1,Public RSA key at 0x1F7E4095880,b"Yzr\x00\xb1mz\xb5)\x02\xdepm\xb6\x15\xc7\xd82\xc7\xe1)p9=C\xdc\x1b\x81\x87\xca\xd5\xa2\xd3\xb6)\xe0\xd0\x1e\x8d\xa6/\xb3!\x1a\n\x0c\xc8\x88\x12\xdb\xfd\xe6\x17\x83h\xedxt\x13\x9d0K\x9b\x8d\xa2\xa4\xc1\x0c\xae\x1c\xfe$\xe2\xff`g\xeb\x10g\xe6\x13i\xd8\xb3\x9dw\x7f\x93\x85\x12i\xa3k3\x86hJ\xce4\x005\xd7\xd3\x92<!\xb2\x19\x7fI\x17!\xcdb\xb5\xc4\xadg\xde\x9dQh\x91\xc7\xd3\xca\x8e\xae\x86Y\xbf;*\xc63\x13n\xd3\x907<\xe0;X~\x8aL\x12lh\x10TG\x0ej\x9b|\x1b\xc7O\x0b\x87\xe0@TY/\xcctK\x1b\xab\x11<\xfd\xd7\xa3U\xa3<\xb9)\xba\xcd%\x87DU\xd0R\xcf\xc9\x8c\x08\xd2\xb03B\x99\x02\xcc\x86w\tr\x81I\xdb^R$+\xd0\xb3m>2\xa66 \xab\x88'\xe0v-\x8a\xd1\x05x\xc2o\xc7!\x04\xa1\x0bQ\xe6\xc5[\xb6\xd3\\&ht\xcd]%\xaa^\r\x95\xa7n"
-----BEGIN PUBLIC KEY-----
MIIBIjANBgkqhkiG9w0BAQEFAAOCAQ8AMIIBCgKCAQEAu06cRL/cr+J3hlt1k95O
ZG6OFa/205VIMAtwWZ4v/+mq1x2QwyeHTBQp+5eBVugjKopY5MfAz3/WxsZhUi89
M6zFwKoNOCL7lTOf4DmI8U7oogIN9R3enmGYPH/zcihS23UwP9b8zk80ifE/kXAe
qex4XfWrSsaMV8LoF74kWdzsmVFThPORriSJgGWJMeDkzXzg1BU8n0ZU9QgmHM6B
1guz6QFn9o75LKCvDa7W+qMiA6pgHo2vY/NWMbrQUvDRnF+JlXrFtvqPutB62+fO
KlFVfobQMVHu1ei+uo2jBRl/LaxklsD+dbOEWJooq0MD4NgTUOtQ9O+3WIp41Jq8
1QIDAQAB
-----END PUBLIC KEY-----,1,-----BEGIN PUBLIC KEY-----
MIIBIjANBgkqhkiG9w0BAQEFAAOCAQ8AMIIBCgKCAQEAlkRmV6c55W3Ynw+T5OHJ
fn7XceSswrCiqKgvBjRGQz3qAnECmWZxAOXwC0RMsdDqetIh2Kjv35yijrcxVHx5
Uj/yY+qmFDDwbY6IzqBJxhH1Zdvna3uSrh6ElyZtRtMqbF0XPbmpMLb7MvL3h/Kc
InArQaud3otJRO3JcSvftfiIEgNgWatueT+QqsB/8MI2xq/dLWDoTZ4Y5e6ZVa/O
0oQq6UyklwykIYFpI3roMfTTu2t+jcddA6FOnogG5oE7pMdPEyD9+1qZlBepT+Wn
CiheHq7m9YUYM00N+5AnN7aBJphbYl3dnQbeo2DKb7vMp8/NMYlCdFIriOXAyF9/
pQIDAQAB
-----END PUBLIC KEY-----,b"Yzr\x00\xb1mz\xb5)\x02\xdepm\xb6\x15\xc7\xd82\xc7\xe1)p9=C\xdc\x1b\x81\x87\xca\xd5\xa2\xd3\xb6)\xe0\xd0\x1e\x8d\xa6/\xb3!\x1a\n\x0c\xc8\x88\x12\xdb\xfd\xe6\x17\x83h\xedxt\x13\x9d0K\x9b\x8d\xa2\xa4\xc1\x0c\xae\x1c\xfe$\xe2\xff`g\xeb\x10g\xe6\x13i\xd8\xb3\x9dw\x7f\x93\x85\x12i\xa3k3\x86hJ\xce4\x005\xd7\xd3\x92<!\xb2\x19\x7fI\x17!\xcdb\xb5\xc4\xadg\xde\x9dQh\x91\xc7\xd3\xca\x8e\xae\x86Y\xbf;*\xc63\x13n\xd3\x907<\xe0;X~\x8aL\x12lh\x10TG\x0ej\x9b|\x1b\xc7O\x0b\x87\xe0@TY/\xcctK\x1b\xab\x11<\xfd\xd7\xa3U\xa3<\xb9)\xba\xcd%\x87DU\xd0R\xcf\xc9\x8c\x08\xd2\xb03B\x99\x02\xcc\x86w\tr\x81I\xdb^R$+\xd0\xb3m>2\xa66 \xab\x88'\xe0v-\x8a\xd1\x05x\xc2o\xc7!\x04\xa1\x0bQ\xe6\xc5[\xb6\xd3\\&ht\xcd]%\xaa^\r\x95\xa7n"
-----BEGIN PUBLIC KEY-----
MIIBIjANBgkqhkiG9w0BAQEFAAOCAQ8AMIIBCgKCAQEAu06cRL/cr+J3hlt1k95O
ZG6OFa/205VIMAtwWZ4v/+mq1x2QwyeHTBQp+5eBVugjKopY5MfAz3/WxsZhUi89
M6zFwKoNOCL7lTOf4DmI8U7oogIN9R3enmGYPH/zcihS23UwP9b8zk80ifE/kXAe
qex4XfWrSsaMV8LoF74kWdzsmVFThPORriSJgGWJMeDkzXzg1BU8n0ZU9QgmHM6B
1guz6QFn9o75LKCvDa7W+qMiA6pgHo2vY/NWMbrQUvDRnF+JlXrFtvqPutB62+fO
KlFVfobQMVHu1ei+uo2jBRl/LaxklsD+dbOEWJooq0MD4NgTUOtQ9O+3WIp41Jq8
1QIDAQAB
-----END PUBLIC KEY-----,1,-----BEGIN PUBLIC KEY-----
MIIBIjANBgkqhkiG9w0BAQEFAAOCAQ8AMIIBCgKCAQEAlkRmV6c55W3Ynw+T5OHJ
fn7XceSswrCiqKgvBjRGQz3qAnECmWZxAOXwC0RMsdDqetIh2Kjv35yijrcxVHx5
Uj/yY+qmFDDwbY6IzqBJxhH1Zdvna3uSrh6ElyZtRtMqbF0XPbmpMLb7MvL3h/Kc
InArQaud3otJRO3JcSvftfiIEgNgWatueT+QqsB/8MI2xq/dLWDoTZ4Y5e6ZVa/O
0oQq6UyklwykIYFpI3roMfTTu2t+jcddA6FOnogG5oE7pMdPEyD9+1qZlBepT+Wn
CiheHq7m9YUYM00N+5AnN7aBJphbYl3dnQbeo2DKb7vMp8/NMYlCdFIriOXAyF9/
pQIDAQAB
-----END PUBLIC KEY-----,b"Yzr\x00\xb1mz\xb5)\x02\xdepm\xb6\x15\xc7\xd82\xc7\xe1)p9=C\xdc\x1b\x81\x87\xca\xd5\xa2\xd3\xb6)\xe0\xd0\x1e\x8d\xa6/\xb3!\x1a\n\x0c\xc8\x88\x12\xdb\xfd\xe6\x17\x83h\xedxt\x13\x9d0K\x9b\x8d\xa2\xa4\xc1\x0c\xae\x1c\xfe$\xe2\xff`g\xeb\x10g\xe6\x13i\xd8\xb3\x9dw\x7f\x93\x85\x12i\xa3k3\x86hJ\xce4\x005\xd7\xd3\x92<!\xb2\x19\x7fI\x17!\xcdb\xb5\xc4\xadg\xde\x9dQh\x91\xc7\xd3\xca\x8e\xae\x86Y\xbf;*\xc63\x13n\xd3\x907<\xe0;X~\x8aL\x12lh\x10TG\x0ej\x9b|\x1b\xc7O\x0b\x87\xe0@TY/\xcctK\x1b\xab\x11<\xfd\xd7\xa3U\xa3<\xb9)\xba\xcd%\x87DU\xd0R\xcf\xc9\x8c\x08\xd2\xb03B\x99\x02\xcc\x86w\tr\x81I\xdb^R$+\xd0\xb3m>2\xa66 \xab\x88'\xe0v-\x8a\xd1\x05x\xc2o\xc7!\x04\xa1\x0bQ\xe6\xc5[\xb6\xd3\\&ht\xcd]%\xaa^\r\x95\xa7n"
-----BEGIN PUBLIC KEY-----
MIIBIjANBgkqhkiG9w0BAQEFAAOCAQ8AMIIBCgKCAQEAu06cRL/cr+J3hlt1k95O
ZG6OFa/205VIMAtwWZ4v/+mq1x2QwyeHTBQp+5eBVugjKopY5MfAz3/WxsZhUi89
M6zFwKoNOCL7lTOf4DmI8U7oogIN9R3enmGYPH/zcihS23UwP9b8zk80ifE/kXAe
qex4XfWrSsaMV8LoF74kWdzsmVFThPORriSJgGWJMeDkzXzg1BU8n0ZU9QgmHM6B
1guz6QFn9o75LKCvDa7W+qMiA6pgHo2vY/NWMbrQUvDRnF+JlXrFtvqPutB62+fO
KlFVfobQMVHu1ei+uo2jBRl/LaxklsD+dbOEWJooq0MD4NgTUOtQ9O+3WIp41Jq8
1QIDAQAB
-----END PUBLIC KEY-----,1,-----BEGIN PUBLIC KEY-----
MIIBIjANBgkqhkiG9w0BAQEFAAOCAQ8AMIIBCgKCAQEAlkRmV6c55W3Ynw+T5OHJ
fn7XceSswrCiqKgvBjRGQz3qAnECmWZxAOXwC0RMsdDqetIh2Kjv35yijrcxVHx5
Uj/yY+qmFDDwbY6IzqBJxhH1Zdvna3uSrh6ElyZtRtMqbF0XPbmpMLb7MvL3h/Kc
InArQaud3otJRO3JcSvftfiIEgNgWatueT+QqsB/8MI2xq/dLWDoTZ4Y5e6ZVa/O
0oQq6UyklwykIYFpI3roMfTTu2t+jcddA6FOnogG5oE7pMdPEyD9+1qZlBepT+Wn
CiheHq7m9YUYM00N+5AnN7aBJphbYl3dnQbeo2DKb7vMp8/NMYlCdFIriOXAyF9/
pQIDAQAB
-----END PUBLIC KEY-----,b"Yzr\x00\xb1mz\xb5)\x02\xdepm\xb6\x15\xc7\xd82\xc7\xe1)p9=C\xdc\x1b\x81\x87\xca\xd5\xa2\xd3\xb6)\xe0\xd0\x1e\x8d\xa6/\xb3!\x1a\n\x0c\xc8\x88\x12\xdb\xfd\xe6\x17\x83h\xedxt\x13\x9d0K\x9b\x8d\xa2\xa4\xc1\x0c\xae\x1c\xfe$\xe2\xff`g\xeb\x10g\xe6\x13i\xd8\xb3\x9dw\x7f\x93\x85\x12i\xa3k3\x86hJ\xce4\x005\xd7\xd3\x92<!\xb2\x19\x7fI\x17!\xcdb\xb5\xc4\xadg\xde\x9dQh\x91\xc7\xd3\xca\x8e\xae\x86Y\xbf;*\xc63\x13n\xd3\x907<\xe0;X~\x8aL\x12lh\x10TG\x0ej\x9b|\x1b\xc7O\x0b\x87\xe0@TY/\xcctK\x1b\xab\x11<\xfd\xd7\xa3U\xa3<\xb9)\xba\xcd%\x87DU\xd0R\xcf\xc9\x8c\x08\xd2\xb03B\x99\x02\xcc\x86w\tr\x81I\xdb^R$+\xd0\xb3m>2\xa66 \xab\x88'\xe0v-\x8a\xd1\x05x\xc2o\xc7!\x04\xa1\x0bQ\xe6\xc5[\xb6\xd3\\&ht\xcd]%\xaa^\r\x95\xa7n"
-----BEGIN PUBLIC KEY-----
MIIBIjANBgkqhkiG9w0BAQEFAAOCAQ8AMIIBCgKCAQEAu06cRL/cr+J3hlt1k95O
ZG6OFa/205VIMAtwWZ4v/+mq1x2QwyeHTBQp+5eBVugjKopY5MfAz3/WxsZhUi89
M6zFwKoNOCL7lTOf4DmI8U7oogIN9R3enmGYPH/zcihS23UwP9b8zk80ifE/kXAe
qex4XfWrSsaMV8LoF74kWdzsmVFThPORriSJgGWJMeDkzXzg1BU8n0ZU9QgmHM6B
1guz6QFn9o75LKCvDa7W+qMiA6pgHo2vY/NWMbrQUvDRnF+JlXrFtvqPutB62+fO
KlFVfobQMVHu1ei+uo2jBRl/LaxklsD+dbOEWJooq0MD4NgTUOtQ9O+3WIp41Jq8
1QIDAQAB
-----END PUBLIC KEY-----,1,-----BEGIN PUBLIC KEY-----
MIIBIjANBgkqhkiG9w0BAQEFAAOCAQ8AMIIBCgKCAQEAlkRmV6c55W3Ynw+T5OHJ
fn7XceSswrCiqKgvBjRGQz3qAnECmWZxAOXwC0RMsdDqetIh2Kjv35yijrcxVHx5
Uj/yY+qmFDDwbY6IzqBJxhH1Zdvna3uSrh6ElyZtRtMqbF0XPbmpMLb7MvL3h/Kc
InArQaud3otJRO3JcSvftfiIEgNgWatueT+QqsB/8MI2xq/dLWDoTZ4Y5e6ZVa/O
0oQq6UyklwykIYFpI3roMfTTu2t+jcddA6FOnogG5oE7pMdPEyD9+1qZlBepT+Wn
CiheHq7m9YUYM00N+5AnN7aBJphbYl3dnQbeo2DKb7vMp8/NMYlCdFIriOXAyF9/
pQIDAQAB
-----END PUBLIC KEY-----,b"Yzr\x00\xb1mz\xb5)\x02\xdepm\xb6\x15\xc7\xd82\xc7\xe1)p9=C\xdc\x1b\x81\x87\xca\xd5\xa2\xd3\xb6)\xe0\xd0\x1e\x8d\xa6/\xb3!\x1a\n\x0c\xc8\x88\x12\xdb\xfd\xe6\x17\x83h\xedxt\x13\x9d0K\x9b\x8d\xa2\xa4\xc1\x0c\xae\x1c\xfe$\xe2\xff`g\xeb\x10g\xe6\x13i\xd8\xb3\x9dw\x7f\x93\x85\x12i\xa3k3\x86hJ\xce4\x005\xd7\xd3\x92<!\xb2\x19\x7fI\x17!\xcdb\xb5\xc4\xadg\xde\x9dQh\x91\xc7\xd3\xca\x8e\xae\x86Y\xbf;*\xc63\x13n\xd3\x907<\xe0;X~\x8aL\x12lh\x10TG\x0ej\x9b|\x1b\xc7O\x0b\x87\xe0@TY/\xcctK\x1b\xab\x11<\xfd\xd7\xa3U\xa3<\xb9)\xba\xcd%\x87DU\xd0R\xcf\xc9\x8c\x08\xd2\xb03B\x99\x02\xcc\x86w\tr\x81I\xdb^R$+\xd0\xb3m>2\xa66 \xab\x88'\xe0v-\x8a\xd1\x05x\xc2o\xc7!\x04\xa1\x0bQ\xe6\xc5[\xb6\xd3\\&ht\xcd]%\xaa^\r\x95\xa7n"
-----BEGIN PUBLIC KEY-----
MIIBIjANBgkqhkiG9w0BAQEFAAOCAQ8AMIIBCgKCAQEAu06cRL/cr+J3hlt1k95O
ZG6OFa/205VIMAtwWZ4v/+mq1x2QwyeHTBQp+5eBVugjKopY5MfAz3/WxsZhUi89
M6zFwKoNOCL7lTOf4DmI8U7oogIN9R3enmGYPH/zcihS23UwP9b8zk80ifE/kXAe
qex4XfWrSsaMV8LoF74kWdzsmVFThPORriSJgGWJMeDkzXzg1BU8n0ZU9QgmHM6B
1guz6QFn9o75LKCvDa7W+qMiA6pgHo2vY/NWMbrQUvDRnF+JlXrFtvqPutB62+fO
KlFVfobQMVHu1ei+uo2jBRl/LaxklsD+dbOEWJooq0MD4NgTUOtQ9O+3WIp41Jq8
1QIDAQAB
-----END PUBLIC KEY-----,1,-----BEGIN PUBLIC KEY-----
MIIBIjANBgkqhkiG9w0BAQEFAAOCAQ8AMIIBCgKCAQEAlkRmV6c55W3Ynw+T5OHJ
fn7XceSswrCiqKgvBjRGQz3qAnECmWZxAOXwC0RMsdDqetIh2Kjv35yijrcxVHx5
Uj/yY+qmFDDwbY6IzqBJxhH1Zdvna3uSrh6ElyZtRtMqbF0XPbmpMLb7MvL3h/Kc
InArQaud3otJRO3JcSvftfiIEgNgWatueT+QqsB/8MI2xq/dLWDoTZ4Y5e6ZVa/O
0oQq6UyklwykIYFpI3roMfTTu2t+jcddA6FOnogG5oE7pMdPEyD9+1qZlBepT+Wn
CiheHq7m9YUYM00N+5AnN7aBJphbYl3dnQbeo2DKb7vMp8/NMYlCdFIriOXAyF9/
pQIDAQAB
-----END PUBLIC KEY-----,b"Yzr\x00\xb1mz\xb5)\x02\xdepm\xb6\x15\xc7\xd82\xc7\xe1)p9=C\xdc\x1b\x81\x87\xca\xd5\xa2\xd3\xb6)\xe0\xd0\x1e\x8d\xa6/\xb3!\x1a\n\x0c\xc8\x88\x12\xdb\xfd\xe6\x17\x83h\xedxt\x13\x9d0K\x9b\x8d\xa2\xa4\xc1\x0c\xae\x1c\xfe$\xe2\xff`g\xeb\x10g\xe6\x13i\xd8\xb3\x9dw\x7f\x93\x85\x12i\xa3k3\x86hJ\xce4\x005\xd7\xd3\x92<!\xb2\x19\x7fI\x17!\xcdb\xb5\xc4\xadg\xde\x9dQh\x91\xc7\xd3\xca\x8e\xae\x86Y\xbf;*\xc63\x13n\xd3\x907<\xe0;X~\x8aL\x12lh\x10TG\x0ej\x9b|\x1b\xc7O\x0b\x87\xe0@TY/\xcctK\x1b\xab\x11<\xfd\xd7\xa3U\xa3<\xb9)\xba\xcd%\x87DU\xd0R\xcf\xc9\x8c\x08\xd2\xb03B\x99\x02\xcc\x86w\tr\x81I\xdb^R$+\xd0\xb3m>2\xa66 \xab\x88'\xe0v-\x8a\xd1\x05x\xc2o\xc7!\x04\xa1\x0bQ\xe6\xc5[\xb6\xd3\\&ht\xcd]%\xaa^\r\x95\xa7n"
-----BEGIN PUBLIC KEY-----
MIIBIjANBgkqhkiG9w0BAQEFAAOCAQ8AMIIBCgKCAQEAu06cRL/cr+J3hlt1k95O
ZG6OFa/205VIMAtwWZ4v/+mq1x2QwyeHTBQp+5eBVugjKopY5MfAz3/WxsZhUi89
M6zFwKoNOCL7lTOf4DmI8U7oogIN9R3enmGYPH/zcihS23UwP9b8zk80ifE/kXAe
qex4XfWrSsaMV8LoF74kWdzsmVFThPORriSJgGWJMeDkzXzg1BU8n0ZU9QgmHM6B
1guz6QFn9o75LKCvDa7W+qMiA6pgHo2vY/NWMbrQUvDRnF+JlXrFtvqPutB62+fO
KlFVfobQMVHu1ei+uo2jBRl/LaxklsD+dbOEWJooq0MD4NgTUOtQ9O+3WIp41Jq8
1QIDAQAB
-----END PUBLIC KEY-----,1,-----BEGIN PUBLIC KEY-----
MIIBIjANBgkqhkiG9w0BAQEFAAOCAQ8AMIIBCgKCAQEAlkRmV6c55W3Ynw+T5OHJ
fn7XceSswrCiqKgvBjRGQz3qAnECmWZxAOXwC0RMsdDqetIh2Kjv35yijrcxVHx5
Uj/yY+qmFDDwbY6IzqBJxhH1Zdvna3uSrh6ElyZtRtMqbF0XPbmpMLb7MvL3h/Kc
InArQaud3otJRO3JcSvftfiIEgNgWatueT+QqsB/8MI2xq/dLWDoTZ4Y5e6ZVa/O
0oQq6UyklwykIYFpI3roMfTTu2t+jcddA6FOnogG5oE7pMdPEyD9+1qZlBepT+Wn
CiheHq7m9YUYM00N+5AnN7aBJphbYl3dnQbeo2DKb7vMp8/NMYlCdFIriOXAyF9/
pQIDAQAB
-----END PUBLIC KEY-----,b"Yzr\x00\xb1mz\xb5)\x02\xdepm\xb6\x15\xc7\xd82\xc7\xe1)p9=C\xdc\x1b\x81\x87\xca\xd5\xa2\xd3\xb6)\xe0\xd0\x1e\x8d\xa6/\xb3!\x1a\n\x0c\xc8\x88\x12\xdb\xfd\xe6\x17\x83h\xedxt\x13\x9d0K\x9b\x8d\xa2\xa4\xc1\x0c\xae\x1c\xfe$\xe2\xff`g\xeb\x10g\xe6\x13i\xd8\xb3\x9dw\x7f\x93\x85\x12i\xa3k3\x86hJ\xce4\x005\xd7\xd3\x92<!\xb2\x19\x7fI\x17!\xcdb\xb5\xc4\xadg\xde\x9dQh\x91\xc7\xd3\xca\x8e\xae\x86Y\xbf;*\xc63\x13n\xd3\x907<\xe0;X~\x8aL\x12lh\x10TG\x0ej\x9b|\x1b\xc7O\x0b\x87\xe0@TY/\xcctK\x1b\xab\x11<\xfd\xd7\xa3U\xa3<\xb9)\xba\xcd%\x87DU\xd0R\xcf\xc9\x8c\x08\xd2\xb03B\x99\x02\xcc\x86w\tr\x81I\xdb^R$+\xd0\xb3m>2\xa66 \xab\x88'\xe0v-\x8a\xd1\x05x\xc2o\xc7!\x04\xa1\x0bQ\xe6\xc5[\xb6\xd3\\&ht\xcd]%\xaa^\r\x95\xa7n"
-----BEGIN PUBLIC KEY-----
MIIBIjANBgkqhkiG9w0BAQEFAAOCAQ8AMIIBCgKCAQEAu06cRL/cr+J3hlt1k95O
ZG6OFa/205VIMAtwWZ4v/+mq1x2QwyeHTBQp+5eBVugjKopY5MfAz3/WxsZhUi89
M6zFwKoNOCL7lTOf4DmI8U7oogIN9R3enmGYPH/zcihS23UwP9b8zk80ifE/kXAe
qex4XfWrSsaMV8LoF74kWdzsmVFThPORriSJgGWJMeDkzXzg1BU8n0ZU9QgmHM6B
1guz6QFn9o75LKCvDa7W+qMiA6pgHo2vY/NWMbrQUvDRnF+JlXrFtvqPutB62+fO
KlFVfobQMVHu1ei+uo2jBRl/LaxklsD+dbOEWJooq0MD4NgTUOtQ9O+3WIp41Jq8
1QIDAQAB
-----END PUBLIC KEY-----,1,-----BEGIN PUBLIC KEY-----
MIIBIjANBgkqhkiG9w0BAQEFAAOCAQ8AMIIBCgKCAQEAlkRmV6c55W3Ynw+T5OHJ
fn7XceSswrCiqKgvBjRGQz3qAnECmWZxAOXwC0RMsdDqetIh2Kjv35yijrcxVHx5
Uj/yY+qmFDDwbY6IzqBJxhH1Zdvna3uSrh6ElyZtRtMqbF0XPbmpMLb7MvL3h/Kc
InArQaud3otJRO3JcSvftfiIEgNgWatueT+QqsB/8MI2xq/dLWDoTZ4Y5e6ZVa/O
0oQq6UyklwykIYFpI3roMfTTu2t+jcddA6FOnogG5oE7pMdPEyD9+1qZlBepT+Wn
CiheHq7m9YUYM00N+5AnN7aBJphbYl3dnQbeo2DKb7vMp8/NMYlCdFIriOXAyF9/
pQIDAQAB
-----END PUBLIC KEY-----,597a7200b16d7ab52902de706db615c7d832c7e12970393d43dc1b8187cad5a2d3b629e0d01e8da62fb3211a0a0cc88812dbfde6178368ed7874139d304b9b8da2a4c10cae1cfe24e2ff6067eb1067e61369d8b39d777f93851269a36b3386684ace340035d7d3923c21b2197f491721cd62b5c4ad67de9d516891c7d3ca8eae8659bf3b2ac633136ed390373ce03b587e8a4c126c681054470e6a9b7c1bc74f0b87e04054592fcc744b1bab113cfdd7a355a33cb929bacd25874455d052cfc98c08d2b033429902cc867709728149db5e52242bd0b36d3e32a63620ab8827e0762d8ad10578c26fc72104a10b51e6c55bb6d35c266874cd5d25aa5e0d95a76e
-----BEGIN PUBLIC KEY-----
MIIBIjANBgkqhkiG9w0BAQEFAAOCAQ8AMIIBCgKCAQEAu06cRL/cr+J3hlt1k95O
ZG6OFa/205VIMAtwWZ4v/+mq1x2QwyeHTBQp+5eBVugjKopY5MfAz3/WxsZhUi89
M6zFwKoNOCL7lTOf4DmI8U7oogIN9R3enmGYPH/zcihS23UwP9b8zk80ifE/kXAe
qex4XfWrSsaMV8LoF74kWdzsmVFThPORriSJgGWJMeDkzXzg1BU8n0ZU9QgmHM6B
1guz6QFn9o75LKCvDa7W+qMiA6pgHo2vY/NWMbrQUvDRnF+JlXrFtvqPutB62+fO
KlFVfobQMVHu1ei+uo2jBRl/LaxklsD+dbOEWJooq0MD4NgTUOtQ9O+3WIp41Jq8
1QIDAQAB
-----END PUBLIC KEY-----,1,-----BEGIN PUBLIC KEY-----
MIIBIjANBgkqhkiG9w0BAQEFAAOCAQ8AMIIBCgKCAQEAlkRmV6c55W3Ynw+T5OHJ
fn7XceSswrCiqKgvBjRGQz3qAnECmWZxAOXwC0RMsdDqetIh2Kjv35yijrcxVHx5
Uj/yY+qmFDDwbY6IzqBJxhH1Zdvna3uSrh6ElyZtRtMqbF0XPbmpMLb7MvL3h/Kc
InArQaud3otJRO3JcSvftfiIEgNgWatueT+QqsB/8MI2xq/dLWDoTZ4Y5e6ZVa/O
0oQq6UyklwykIYFpI3roMfTTu2t+jcddA6FOnogG5oE7pMdPEyD9+1qZlBepT+Wn
CiheHq7m9YUYM00N+5AnN7aBJphbYl3dnQbeo2DKb7vMp8/NMYlCdFIriOXAyF9/
pQIDAQAB
-----END PUBLIC KEY-----,597a7200b16d7ab52902de706db615c7d832c7e12970393d43dc1b8187cad5a2d3b629e0d01e8da62fb3211a0a0cc88812dbfde6178368ed7874139d304b9b8da2a4c10cae1cfe24e2ff6067eb1067e61369d8b39d777f93851269a36b3386684ace340035d7d3923c21b2197f491721cd62b5c4ad67de9d516891c7d3ca8eae8659bf3b2ac633136ed390373ce03b587e8a4c126c681054470e6a9b7c1bc74f0b87e04054592fcc744b1bab113cfdd7a355a33cb929bacd25874455d052cfc98c08d2b033429902cc867709728149db5e52242bd0b36d3e32a63620ab8827e0762d8ad10578c26fc72104a10b51e6c55bb6d35c266874cd5d25aa5e0d95a76e
